model,model_short,task,n,rank,accuracy_mean,accuracy_std,accuracy_sem,run_count,ci95_low,ci95_high
bert-base-uncased,BERT-base,sst2,50,2,0.506651376146789,0.02184023428638152,0.009767249701774136,5,0.4875075667313117,0.5257951855622663
bert-base-uncased,BERT-base,sst2,50,4,0.5151376146788991,0.011100775266357868,0.004964417619704906,5,0.5054073561442775,0.5248678732135207
bert-base-uncased,BERT-base,sst2,50,8,0.5357798165137615,0.024480654764641865,0.010948081637488663,5,0.5143215765042837,0.5572380565232393
bert-base-uncased,BERT-base,sst2,50,16,0.5658256880733945,0.04939586412828902,0.022090501999639536,5,0.522528304154101,0.609123071992688
bert-base-uncased,BERT-base,sst2,50,32,0.6307339449541284,0.04194803017929329,0.018759729400622507,5,0.5939648753289083,0.6675030145793485
bert-base-uncased,BERT-base,sst2,50,64,0.6626146788990825,0.06202951863200868,0.027740444054552237,5,0.6082434085521602,0.7169859492460049
bert-base-uncased,BERT-base,sst2,100,2,0.5694954128440367,0.0211395239167055,0.009453882497947225,5,0.5509658031480601,0.5880250225400133
bert-base-uncased,BERT-base,sst2,100,4,0.6013761467889908,0.06444811288371075,0.02882207228591147,5,0.5448848851086043,0.6578674084693772
bert-base-uncased,BERT-base,sst2,100,8,0.66651376146789,0.06002539407347208,0.026844172304899307,5,0.6138991837502874,0.7191283391854926
bert-base-uncased,BERT-base,sst2,100,16,0.7295871559633028,0.06810324001393467,0.030456694831828328,5,0.6698920340929193,0.7892822778336863
bert-base-uncased,BERT-base,sst2,100,32,0.7786697247706422,0.040739265294338536,0.01821915331030779,5,0.7429601842824389,0.8143792652588455
bert-base-uncased,BERT-base,sst2,100,64,0.7974770642201835,0.011599020925220489,0.005187239852247102,5,0.7873100741097792,0.8076440543305878
bert-base-uncased,BERT-base,sst2,200,2,0.7591743119266054,0.03728387203442396,0.016673854466675072,5,0.7264935571719223,0.7918550666812886
bert-base-uncased,BERT-base,sst2,200,4,0.8100917431192661,0.028015470613949493,0.01252889934288776,5,0.7855351004072061,0.8346483858313262
bert-base-uncased,BERT-base,sst2,200,8,0.8084862385321101,0.028658254586238042,0.012816361074264673,5,0.7833661708265514,0.8336063062376688
bert-base-uncased,BERT-base,sst2,200,16,0.8282110091743119,0.01741836200889181,0.007789728301716377,5,0.8129431417029478,0.843478876645676
bert-base-uncased,BERT-base,sst2,200,32,0.8197247706422018,0.016959299372293003,0.007584429249443328,5,0.8048592893132929,0.8345902519711108
bert-base-uncased,BERT-base,sst2,200,64,0.8190366972477066,0.039212805787125805,0.017536499865702094,5,0.7846651575109305,0.8534082369844826
bert-base-uncased,BERT-base,sst2,500,2,0.8440366972477065,0.008581782997187901,0.0038378900299728103,5,0.8365144327889598,0.8515589617064532
bert-base-uncased,BERT-base,sst2,500,4,0.8454128440366973,0.011649931283669961,0.0052100076566974915,5,0.8352012290295702,0.8556244590438243
bert-base-uncased,BERT-base,sst2,500,8,0.8474770642201837,0.006735860163113974,0.003012368242331127,5,0.8415728224652146,0.8533813059751527
bert-base-uncased,BERT-base,sst2,500,16,0.8529816513761468,0.007580960495889147,0.003390308600709733,5,0.8463366465187557,0.8596266562335378
bert-base-uncased,BERT-base,sst2,500,32,0.8486238532110091,0.01044774493021139,0.00467237357510628,5,0.8394660010038008,0.8577817054182174
bert-base-uncased,BERT-base,sst2,500,64,0.8447247706422019,0.009267020115062832,0.0041443373852276645,5,0.8366018693671556,0.8528476719172481
bert-base-uncased,BERT-base,sst2,1000,2,0.8385321100917432,0.013651124899039392,0.00610496864871842,5,0.8265663715402551,0.8504978486432313
bert-base-uncased,BERT-base,sst2,1000,4,0.8575688073394495,0.006143621667880232,0.0027475111354841666,5,0.8521836855139006,0.8629539291649985
bert-base-uncased,BERT-base,sst2,1000,8,0.8582568807339449,0.0051028888672676655,0.0022820812777674827,5,0.8537840014295206,0.8627297600383692
bert-base-uncased,BERT-base,sst2,1000,16,0.8607798165137615,0.010147624681481155,0.004538155719589302,5,0.8518850313033665,0.8696746017241564
bert-base-uncased,BERT-base,sst2,1000,32,0.8644495412844038,0.013110562006447514,0.005863221573928534,5,0.8529576269995038,0.8759414555693037
bert-base-uncased,BERT-base,sst2,1000,64,0.8605504587155963,0.01489943281551535,0.006663228920336687,5,0.8474905300317365,0.8736103873994562
bert-base-uncased,BERT-base,sst2,2000,2,0.856651376146789,0.011553578944730414,0.0051669175807655034,5,0.8465242176884886,0.8667785346050894
bert-base-uncased,BERT-base,sst2,2000,4,0.865137614678899,0.007189187164521758,0.003215102240567932,5,0.8588360142873859,0.8714392150704122
bert-base-uncased,BERT-base,sst2,2000,8,0.8637614678899082,0.017847220300422496,0.007981519560231796,5,0.8481176895518538,0.8794052462279625
bert-base-uncased,BERT-base,sst2,2000,16,0.876605504587156,0.004629960834446427,0.0020705814317967764,5,0.8725471649808343,0.8806638441934778
bert-base-uncased,BERT-base,sst2,2000,32,0.8786697247706423,0.004321432037022241,0.001932603158985414,5,0.8748818225790309,0.8824576269622537
bert-base-uncased,BERT-base,sst2,2000,64,0.876834862385321,0.014810903019232094,0.006623637191831959,5,0.8638525334893304,0.8898171912813116
bert-base-uncased,BERT-base,sst2,5000,2,0.8827981651376147,0.007709970786225502,0.003448003756507547,5,0.8760400777748599,0.8895562525003694
bert-base-uncased,BERT-base,sst2,5000,4,0.8889908256880734,0.0017009629557558777,0.0007606937592558211,5,0.887499865919932,0.8904817854562148
bert-base-uncased,BERT-base,sst2,5000,8,0.8837155963302752,0.026108030987551847,0.011675866409367365,5,0.8608308981679151,0.9066002944926352
bert-base-uncased,BERT-base,sst2,5000,16,0.8954128440366972,0.01170623867447236,0.00523518908739144,5,0.88515187342541,0.9056738146479844
bert-base-uncased,BERT-base,sst2,5000,32,0.8887614678899082,0.009245708426947856,0.004134806508559624,5,0.8806572471331313,0.896865688646685
bert-base-uncased,BERT-base,sst2,5000,64,0.8954128440366972,0.01760610575965619,0.007873689859528354,5,0.8799804119120216,0.9108452761613728
bert-base-uncased,BERT-base,mrpc,50,2,0.6838235294117647,0.0,0.0,5,0.6838235294117647,0.6838235294117647
bert-base-uncased,BERT-base,mrpc,50,4,0.6838235294117647,0.0,0.0,5,0.6838235294117647,0.6838235294117647
bert-base-uncased,BERT-base,mrpc,50,8,0.6838235294117647,0.0,0.0,5,0.6838235294117647,0.6838235294117647
bert-base-uncased,BERT-base,mrpc,50,16,0.6838235294117647,0.0,0.0,5,0.6838235294117647,0.6838235294117647
bert-base-uncased,BERT-base,mrpc,50,32,0.6823529411764706,0.003288335261029091,0.0014705882352941122,5,0.6794705882352942,0.685235294117647
bert-base-uncased,BERT-base,mrpc,50,64,0.6882352941176471,0.013357280973959522,0.005973557650467617,5,0.6765271211227305,0.6999434671125636
bert-base-uncased,BERT-base,mrpc,100,2,0.6838235294117647,0.0,0.0,5,0.6838235294117647,0.6838235294117647
bert-base-uncased,BERT-base,mrpc,100,4,0.6838235294117647,0.0,0.0,5,0.6838235294117647,0.6838235294117647
bert-base-uncased,BERT-base,mrpc,100,8,0.6843137254901961,0.0010961117536763636,0.0004901960784313707,5,0.6833529411764706,0.6852745098039216
bert-base-uncased,BERT-base,mrpc,100,16,0.6906862745098039,0.00820254927974581,0.003668291555660713,5,0.6834964230607089,0.6978761259588989
bert-base-uncased,BERT-base,mrpc,100,32,0.7009803921568627,0.010961117536763687,0.004901960784313731,5,0.6913725490196078,0.7105882352941176
bert-base-uncased,BERT-base,mrpc,100,64,0.6985294117647058,0.018585479029538096,0.008311678900888797,5,0.6822385211189638,0.7148203024104479
bert-base-uncased,BERT-base,mrpc,200,2,0.6906862745098039,0.007229353531251262,0.003233065185851194,5,0.6843494667455355,0.6970230822740723
bert-base-uncased,BERT-base,mrpc,200,4,0.7093137254901961,0.01855312830174079,0.008297211215593516,5,0.6930511915076328,0.7255762594727594
bert-base-uncased,BERT-base,mrpc,200,8,0.7127450980392156,0.01762321373749761,0.007881340779810543,5,0.6972976701107869,0.7281925259676443
bert-base-uncased,BERT-base,mrpc,200,16,0.7,0.022167488342343156,0.009913602164782678,5,0.6805693397570259,0.719430660242974
bert-base-uncased,BERT-base,mrpc,200,32,0.7200980392156863,0.01647817285683492,0.007369262930574961,5,0.7056542838717593,0.7345417945596132
bert-base-uncased,BERT-base,mrpc,200,64,0.7156862745098039,0.014186074635772363,0.0063442054438945135,5,0.7032516318397707,0.7281209171798372
bert-base-uncased,BERT-base,mrpc,500,2,0.7029411764705882,0.005313598869774264,0.002376313655596252,5,0.6982836017056195,0.7075987512355568
bert-base-uncased,BERT-base,mrpc,500,4,0.7294117647058823,0.013379749082310002,0.005983605693987111,5,0.7176838975456675,0.7411396318660971
bert-base-uncased,BERT-base,mrpc,500,8,0.7377450980392156,0.032097551112031365,0.01435446123955521,5,0.7096103540096874,0.7658798420687438
bert-base-uncased,BERT-base,mrpc,500,16,0.7411764705882353,0.008938520847456177,0.003997428046642191,5,0.7333415116168166,0.749011429559654
bert-base-uncased,BERT-base,mrpc,500,32,0.7397058823529412,0.019714781913911964,0.00881671850421812,5,0.7224251140846737,0.7569866506212087
bert-base-uncased,BERT-base,mrpc,500,64,0.7681372549019608,0.013038662821833729,0.0058310672810638845,5,0.7567083630310756,0.7795661467728461
bert-base-uncased,BERT-base,mrpc,1000,2,0.717156862745098,0.012688410887789011,0.005674429854308934,5,0.7060349802306526,0.7282787452595435
bert-base-uncased,BERT-base,mrpc,1000,4,0.738235294117647,0.0160159894634358,0.007162568233432577,5,0.7241966603801191,0.7522739278551749
bert-base-uncased,BERT-base,mrpc,1000,8,0.7534313725490196,0.017893835537690177,0.00800236652809535,5,0.7377467341539528,0.7691160109440864
bert-base-uncased,BERT-base,mrpc,1000,16,0.7490196078431373,0.02448528185047483,0.010950150933180717,5,0.727557312014103,0.7704819036721715
bert-base-uncased,BERT-base,mrpc,1000,32,0.7808823529411765,0.02454654109520451,0.01097754690027386,5,0.7593663610166397,0.8023983448657133
bert-base-uncased,BERT-base,mrpc,1000,64,0.7833333333333334,0.02781619795904139,0.012439781902401486,5,0.7589513608046266,0.8077153058620403
bert-base-uncased,BERT-base,mrpc,2000,2,0.7803921568627451,0.012688410887789018,0.005674429854308933,5,0.7692702743482996,0.7915140393771906
bert-base-uncased,BERT-base,mrpc,2000,4,0.7808823529411765,0.021894815131497346,0.009791658997763813,5,0.7616907013055594,0.8000740045767936
bert-base-uncased,BERT-base,mrpc,2000,8,0.8083333333333333,0.007827803638564388,0.0035007002100700306,5,0.8014719609215961,0.8151947057450706
bert-base-uncased,BERT-base,mrpc,2000,16,0.8196078431372549,0.019032616331683534,0.00851164478146341,5,0.8029250193655866,0.8362906669089232
bert-base-uncased,BERT-base,mrpc,2000,32,0.8117647058823529,0.04069660865687338,0.018200076682095067,5,0.7760925555854467,0.8474368561792592
bert-base-uncased,BERT-base,mrpc,2000,64,0.8102941176470588,0.025624176546441387,0.011459480125059759,5,0.7878335366019417,0.832754698692176
bert-base-uncased,BERT-base,mrpc,5000,2,0.8098039215686275,0.009895406489306998,0.004425360315016599,5,0.8011302153511949,0.81847762778606
bert-base-uncased,BERT-base,mrpc,5000,4,0.8269607843137254,0.008595920547426597,0.0038442125346466087,5,0.8194261277458181,0.8344954408816327
bert-base-uncased,BERT-base,mrpc,5000,8,0.85,0.015148565823884791,0.006774644588767298,5,0.836721696606016,0.8632783033939839
bert-base-uncased,BERT-base,mrpc,5000,16,0.8544117647058824,0.0177251811095731,0.007926941974900105,5,0.8388749584350782,0.8699485709766867
bert-base-uncased,BERT-base,mrpc,5000,32,0.8514705882352942,0.016677476310003977,0.0074583941444622374,5,0.8368521357121482,0.8660890407584402
bert-base-uncased,BERT-base,mrpc,5000,64,0.8431372549019608,0.013756093333727676,0.0061519119598093565,5,0.8310795074607344,0.8551950023431871
bert-base-uncased,BERT-base,qnli,50,2,0.6271279516749039,0.022853726870188124,0.010220497364190832,5,0.6070957768410898,0.6471601265087179
bert-base-uncased,BERT-base,qnli,50,4,0.6508145707486729,0.026055039468743088,0.011652167881709908,5,0.6279763217005214,0.6736528197968243
bert-base-uncased,BERT-base,qnli,50,8,0.656452498627128,0.015681166521977354,0.007012830861927074,5,0.6427073501377509,0.670197647116505
bert-base-uncased,BERT-base,qnli,50,16,0.6831411312465678,0.017551297984071308,0.00784917907714768,5,0.6677567402553584,0.6985255222377773
bert-base-uncased,BERT-base,qnli,50,32,0.689877356763683,0.02416407341576107,0.01080650215418746,5,0.6686966125414756,0.7110581009858904
bert-base-uncased,BERT-base,qnli,50,64,0.6804319970712063,0.03213951816059752,0.014373229474236995,5,0.6522604673017017,0.7086035268407108
bert-base-uncased,BERT-base,qnli,100,2,0.6782720117151748,0.009446672166297167,0.004224680224999112,5,0.6699916384741765,0.6865523849561731
bert-base-uncased,BERT-base,qnli,100,4,0.6879370309353835,0.007734143728281324,0.003458814224838141,5,0.6811577550547008,0.6947163068160662
bert-base-uncased,BERT-base,qnli,100,8,0.695295625114406,0.014660890826502009,0.006556549699752324,5,0.6824447877028914,0.7081464625259206
bert-base-uncased,BERT-base,qnli,100,16,0.6960644334614681,0.027482629242334997,0.012290605437256914,5,0.6719748468044445,0.7201540201184916
bert-base-uncased,BERT-base,qnli,100,32,0.6994325462200257,0.031942025199734825,0.01428490793712369,5,0.6714341266632633,0.7274309657767881
bert-base-uncased,BERT-base,qnli,100,64,0.6998718652754896,0.023986693589598266,0.010727175484360025,5,0.6788466013261439,0.7208971292248353
bert-base-uncased,BERT-base,qnli,200,2,0.7077429983525535,0.007904691582843085,0.003535085544081511,5,0.7008142306861538,0.7146717660189532
bert-base-uncased,BERT-base,qnli,200,4,0.7189456342668864,0.010480768933872023,0.004687142358521172,5,0.7097588352441849,0.7281324332895879
bert-base-uncased,BERT-base,qnli,200,8,0.7335896027823541,0.015263307998467038,0.006825958849217707,5,0.7202107234378874,0.7469684821268208
bert-base-uncased,BERT-base,qnli,200,16,0.7104155226066264,0.03238710917525037,0.014483955542113396,5,0.6820269697440842,0.7388040754691687
bert-base-uncased,BERT-base,qnli,200,32,0.7225700164744646,0.0189589382748303,0.008478694952748613,5,0.7059517743670773,0.7391882585818519
bert-base-uncased,BERT-base,qnli,200,64,0.7327841845140033,0.017547670321831094,0.007847556737273984,5,0.7174029733089463,0.7481653957190603
bert-base-uncased,BERT-base,qnli,500,2,0.7297821709683324,0.01174474005943767,0.005252407430193518,5,0.7194874524051531,0.7400768895315117
bert-base-uncased,BERT-base,qnli,500,4,0.7414241259381292,0.008521740693170445,0.0038110382953110596,5,0.7339544908793195,0.7488937609969389
bert-base-uncased,BERT-base,qnli,500,8,0.7668680212337543,0.008842072875700676,0.003954295202414757,5,0.7591176026370213,0.7746184398304873
bert-base-uncased,BERT-base,qnli,500,16,0.7636829580816402,0.026278618331976585,0.011752155389014361,5,0.740648733519172,0.7867171826441084
bert-base-uncased,BERT-base,qnli,500,32,0.7825736774665935,0.011391363939823403,0.005094372825176992,5,0.7725887067292465,0.7925586482039404
bert-base-uncased,BERT-base,qnli,500,64,0.7664287021782903,0.02202726509322606,0.009850892421372343,5,0.7471209530324004,0.7857364513241801
bert-base-uncased,BERT-base,qnli,1000,2,0.7391543108182318,0.006809839003382097,0.0030454525854783717,5,0.7331852237506942,0.7451233978857694
bert-base-uncased,BERT-base,qnli,1000,4,0.7583012996522058,0.010459967704814806,0.004677839766083688,5,0.7491327337106818,0.7674698655937299
bert-base-uncased,BERT-base,qnli,1000,8,0.7825004576240161,0.008308516580891882,0.003715681573411672,5,0.7752177217401293,0.7897831935079029
bert-base-uncased,BERT-base,qnli,1000,16,0.7942888522789676,0.004871321134187457,0.002178521039254891,5,0.790018951042028,0.7985587535159072
bert-base-uncased,BERT-base,qnli,1000,32,0.7958630788943803,0.005579861253023614,0.002495389813355586,5,0.7909721148602034,0.8007540429285573
bert-base-uncased,BERT-base,qnli,1000,64,0.791140399048142,0.004634445872660487,0.0020725872018624364,5,0.7870781281324917,0.7952026699637924
bert-base-uncased,BERT-base,qnli,2000,2,0.7940325828299469,0.009599551400149394,0.004293049896847461,5,0.7856182050321259,0.802446960627768
bert-base-uncased,BERT-base,qnli,2000,4,0.8100311184330954,0.003918287889833436,0.0017523116154163447,5,0.8065965876668794,0.8134656491993114
bert-base-uncased,BERT-base,qnli,2000,8,0.8188541094636645,0.0025906531669326973,0.0011585753174773214,5,0.816583301841409,0.8211249170859201
bert-base-uncased,BERT-base,qnli,2000,16,0.8239428885227896,0.004694428409531644,0.0020994122078438074,5,0.8198280405954158,0.8280577364501635
bert-base-uncased,BERT-base,qnli,2000,32,0.8271645615961927,0.0065864799403901305,0.002945563375830225,5,0.8213912573795654,0.8329378658128199
bert-base-uncased,BERT-base,qnli,2000,64,0.8272743913600585,0.004292113197342447,0.0019194913752763386,5,0.8235121882645169,0.8310365944556002
bert-base-uncased,BERT-base,qnli,5000,2,0.8303862346695954,0.0021759047508137933,0.0009730941870768582,5,0.8284789700629247,0.8322934992762661
bert-base-uncased,BERT-base,qnli,5000,4,0.8367929708951125,0.006100799256810228,0.0027283603710615643,5,0.8314453845678318,0.8421405572223932
bert-base-uncased,BERT-base,qnli,5000,8,0.8462749405088779,0.0023023536787157685,0.001029643866771023,5,0.8442568385300067,0.8482930424877491
bert-base-uncased,BERT-base,qnli,5000,16,0.8351821343584112,0.022936269080363312,0.010257411362783778,5,0.815077608087355,0.8552866606294673
bert-base-uncased,BERT-base,qnli,5000,32,0.8539264140582098,0.0037064720357525976,0.001657584685728972,5,0.8506775480741811,0.8571752800422385
bert-base-uncased,BERT-base,qnli,5000,64,0.8525352370492403,0.0019093398953549622,0.0008538827596332156,5,0.8508616268403592,0.8542088472581214
bert-base-uncased,BERT-base,rte,50,2,0.5039711191335741,0.03184271057212989,0.014240493085426733,5,0.47605975268613765,0.5318824855810105
bert-base-uncased,BERT-base,rte,50,4,0.5191335740072203,0.04682019591876815,0.020938628158844765,5,0.4780938628158845,0.560173285198556
bert-base-uncased,BERT-base,rte,50,8,0.5256317689530686,0.04820542348823245,0.021558120760770568,5,0.4833778522619583,0.567885685644179
bert-base-uncased,BERT-base,rte,50,16,0.540072202166065,0.024828518215233766,0.01110365090197089,5,0.5183090463982021,0.5618353579339279
bert-base-uncased,BERT-base,rte,50,32,0.5263537906137185,0.03577469788256321,0.015998931267985822,5,0.4949958853284662,0.5577116958989706
bert-base-uncased,BERT-base,rte,50,64,0.5350180505415162,0.011808972731982746,0.0052811331546309724,5,0.5246670295584395,0.5453690715245929
bert-base-uncased,BERT-base,rte,100,2,0.5198555956678701,0.039711191335740095,0.017759384658843087,5,0.48504720173653765,0.5546639895992025
bert-base-uncased,BERT-base,rte,100,4,0.5393501805054152,0.038596093172286204,0.017260697599829483,5,0.5055192132097494,0.573181147801081
bert-base-uncased,BERT-base,rte,100,8,0.548014440433213,0.03024745135834431,0.013527071476675246,5,0.5215013803389296,0.5745275005274965
bert-base-uncased,BERT-base,rte,100,16,0.5566787003610109,0.019340209727045334,0.00864920472975519,5,0.5397262590906907,0.573631141631331
bert-base-uncased,BERT-base,rte,100,32,0.5451263537906137,0.037343250659886654,0.01670040939526409,5,0.512393551375896,0.5778591562053313
bert-base-uncased,BERT-base,rte,100,64,0.5566787003610109,0.015611370621256096,0.0069816171862143285,5,0.5429947306760308,0.570362670045991
bert-base-uncased,BERT-base,rte,200,2,0.5487364620938628,0.04963078369988274,0.022195561225905266,5,0.5052331620910885,0.5922397620966372
bert-base-uncased,BERT-base,rte,200,4,0.5631768953068592,0.027375001603074177,0.012242472893727915,5,0.5391816484351525,0.587172142178566
bert-base-uncased,BERT-base,rte,200,8,0.5581227436823105,0.018689067300425646,0.008358004983964057,5,0.5417410539137409,0.5745044334508801
bert-base-uncased,BERT-base,rte,200,16,0.5537906137184115,0.020988363687723673,0.00938628158844766,5,0.5353935018050541,0.572187725631769
bert-base-uncased,BERT-base,rte,200,32,0.5631768953068592,0.011973374694423842,0.005354655947361502,5,0.5526817696500307,0.5736720209636877
bert-base-uncased,BERT-base,rte,200,64,0.5552346570397112,0.015818702021809895,0.007074338607316028,5,0.5413689533693717,0.5691003607100507
bert-base-uncased,BERT-base,rte,500,2,0.5610108303249097,0.019204961845877822,0.008588720038534526,5,0.544176939049382,0.5778447216004374
bert-base-uncased,BERT-base,rte,500,4,0.571841155234657,0.024028247353492748,0.010745758892517837,5,0.5507794678053219,0.592902842663992
bert-base-uncased,BERT-base,rte,500,8,0.5711191335740072,0.03342032291995126,0.01494602277580106,5,0.5418249289334371,0.6004133382145773
bert-base-uncased,BERT-base,rte,500,16,0.5862815884476534,0.018337075955523856,0.008200589669025664,5,0.5702084326963631,0.6023547441989437
bert-base-uncased,BERT-base,rte,500,32,0.571841155234657,0.022917790971991148,0.010249147701500646,5,0.5517528257397157,0.5919294847295982
bert-base-uncased,BERT-base,rte,500,64,0.5913357400722022,0.03737813460085135,0.016716009967928117,5,0.5585723605350631,0.6240991196093414
bert-base-uncased,BERT-base,rte,1000,2,0.5602888086642599,0.04533525653704146,0.020274543078843285,5,0.520550704229727,0.6000269130987927
bert-base-uncased,BERT-base,rte,1000,4,0.5740072202166064,0.007220216606498259,0.0032289790288805836,5,0.5676784213200005,0.5803360191132124
bert-base-uncased,BERT-base,rte,1000,8,0.592057761732852,0.02073849330880155,0.009274536157880963,5,0.5738796708634053,0.6102358526022986
bert-base-uncased,BERT-base,rte,1000,16,0.6014440433212996,0.013651747582085913,0.006105247121042502,5,0.5894777589640563,0.613410327678543
bert-base-uncased,BERT-base,rte,1000,32,0.620216606498195,0.030887003084776085,0.01381308770376101,5,0.5931429545988234,0.6472902583975666
bert-base-uncased,BERT-base,rte,1000,64,0.6158844765342961,0.02660235873926435,0.011896936500566125,5,0.5925664809931865,0.6392024720754057
bert-base-uncased,BERT-base,rte,2000,2,0.5956678700361011,0.014440433212996371,0.006457958057761118,5,0.5830102722428894,0.6083254678293128
bert-base-uncased,BERT-base,rte,2000,4,0.6173285198555957,0.006252891002053752,0.0027963778672977922,5,0.611847619235692,0.6228094204754994
bert-base-uncased,BERT-base,rte,2000,8,0.6418772563176895,0.016817060936970548,0.007520818287364498,5,0.6271364524744552,0.6566180601609239
bert-base-uncased,BERT-base,rte,2000,16,0.6642599277978339,0.017124247257229493,0.007658196186135895,5,0.6492498632730076,0.6792699923226603
bert-base-uncased,BERT-base,rte,2000,32,0.6707581227436823,0.016817060936970538,0.007520818287364498,5,0.6560173189004479,0.6854989265869167
bert-base-uncased,BERT-base,rte,2000,64,0.6794223826714803,0.02948377904562516,0.01318554683592034,5,0.6535787108730764,0.7052660544698841
bert-base-uncased,BERT-base,rte,5000,2,0.6274368231046932,0.011529761316008197,0.005156266013388349,5,0.617330541718452,0.6375431044909343
bert-base-uncased,BERT-base,rte,5000,4,0.6281588447653429,0.019441028184601097,0.00869429211465147,5,0.611118032220626,0.6451996573100598
bert-base-uncased,BERT-base,rte,5000,8,0.6577617328519855,0.00782652829916205,0.0035001298609504236,5,0.6509014783245226,0.6646219873794483
bert-base-uncased,BERT-base,rte,5000,16,0.6642599277978339,0.01326438488871756,0.005932013258178697,5,0.6526331818118037,0.6758866737838641
bert-base-uncased,BERT-base,rte,5000,32,0.6844765342960288,0.016855765386178723,0.00753812744325672,5,0.6697018045072457,0.699251264084812
bert-base-uncased,BERT-base,rte,5000,64,0.7126353790613719,0.012135549685178038,0.005427182808076864,5,0.7019981007575412,0.7232726573652025
roberta-base,RoBERTa-base,sst2,50,2,0.5,0.009174311926605486,0.0041028770229353815,5,0.49195836103504664,0.5080416389649534
roberta-base,RoBERTa-base,sst2,50,4,0.49839449541284403,0.00985171174078646,0.004405819429426257,5,0.4897590893311686,0.5070299014945195
roberta-base,RoBERTa-base,sst2,50,8,0.5169724770642202,0.03835662036376718,0.01715360210410722,5,0.4833514169401701,0.5505935371882704
roberta-base,RoBERTa-base,sst2,50,16,0.6213302752293577,0.14285327257974723,0.06388592565932429,5,0.4961138609370821,0.7465466895216333
roberta-base,RoBERTa-base,sst2,50,32,0.7410550458715597,0.09970273445585591,0.044588418357180866,5,0.6536617458914852,0.8284483458516342
roberta-base,RoBERTa-base,sst2,50,64,0.7860091743119266,0.046826358976097424,0.020941384361872258,5,0.744964060962657,0.8270542876611963
roberta-base,RoBERTa-base,sst2,100,2,0.5704128440366972,0.09410869362948583,0.04208668724584635,5,0.4879229370348384,0.6529027510385561
roberta-base,RoBERTa-base,sst2,100,4,0.76651376146789,0.04042004174205866,0.01807639219772443,5,0.73108403276035,0.8019434901754299
roberta-base,RoBERTa-base,sst2,100,8,0.8295871559633028,0.026865230209809736,0.012014496196063108,5,0.806038743419019,0.8531355685075865
roberta-base,RoBERTa-base,sst2,100,16,0.838302752293578,0.02876132156877169,0.01286245403010087,5,0.8130923423945803,0.8635131621925757
roberta-base,RoBERTa-base,sst2,100,32,0.8424311926605504,0.02550928938238398,0.011408101023344846,5,0.8200713146547945,0.8647910706663063
roberta-base,RoBERTa-base,sst2,100,64,0.7802752293577981,0.10010817627610052,0.044769737451378515,5,0.6925265439530962,0.8680239147625001
roberta-base,RoBERTa-base,sst2,200,2,0.8646788990825687,0.01605504587155965,0.007180034790136943,5,0.8506060308939003,0.878751767271237
roberta-base,RoBERTa-base,sst2,200,4,0.8704128440366972,0.02248700865954998,0.010056495994676031,5,0.8507021118871322,0.8901235761862621
roberta-base,RoBERTa-base,sst2,200,8,0.8522935779816514,0.04364884388226369,0.019520356412003486,5,0.8140336794141245,0.8905534765491783
roberta-base,RoBERTa-base,sst2,200,16,0.8839449541284404,0.015960567360281473,0.007137782715410755,5,0.8699549000062353,0.8979350082506455
roberta-base,RoBERTa-base,sst2,200,32,0.8724770642201835,0.026776970408617037,0.011975025213033601,5,0.8490060148026376,0.8959481136377293
roberta-base,RoBERTa-base,sst2,200,64,0.8440366972477064,0.02525540773571702,0.011294561699307449,5,0.8218993563170638,0.8661740381783489
roberta-base,RoBERTa-base,sst2,500,2,0.881651376146789,0.016286826283162557,0.007283690141376343,5,0.8673753434696914,0.8959274088238867
roberta-base,RoBERTa-base,sst2,500,4,0.8931192660550458,0.006249736969467327,0.002794967341044487,5,0.8876411300665986,0.8985974020434929
roberta-base,RoBERTa-base,sst2,500,8,0.8944954128440367,0.019646607452995193,0.008786229958430255,5,0.8772744021255133,0.91171642356256
roberta-base,RoBERTa-base,sst2,500,16,0.8924311926605505,0.02021408751913203,0.009040014759181838,5,0.8747127637325541,0.9101496215885468
roberta-base,RoBERTa-base,sst2,500,32,0.8949541284403668,0.015610658555950114,0.006981298740928629,5,0.8812707829081468,0.9086374739725869
roberta-base,RoBERTa-base,sst2,500,64,0.8860091743119266,0.023356237831377913,0.010445227097922663,5,0.8655365291999982,0.906481819423855
roberta-base,RoBERTa-base,sst2,1000,2,0.8905963302752294,0.012206705587830453,0.0054590046951430845,5,0.879896681072749,0.9012959794777099
roberta-base,RoBERTa-base,sst2,1000,4,0.8963302752293577,0.013265131872404757,0.005932347319439221,5,0.8847028744832568,0.9079576759754586
roberta-base,RoBERTa-base,sst2,1000,8,0.8970183486238532,0.015026874614953849,0.006720222625680563,5,0.8838467122775193,0.9101899849701871
roberta-base,RoBERTa-base,sst2,1000,16,0.9091743119266056,0.0046864258581886704,0.0020958333580845365,5,0.9050664785447599,0.9132821453084513
roberta-base,RoBERTa-base,sst2,1000,32,0.8986238532110091,0.011369995007289356,0.005084816348026438,5,0.8886576131688773,0.908590093253141
roberta-base,RoBERTa-base,sst2,1000,64,0.8988532110091743,0.006947307904064648,0.0031069305468220286,5,0.8927636271374031,0.9049427948809454
roberta-base,RoBERTa-base,sst2,2000,2,0.9071100917431192,0.007207457047004848,0.0032232727804025535,5,0.9007924770935302,0.9134277063927082
roberta-base,RoBERTa-base,sst2,2000,4,0.9080275229357797,0.006507459155555572,0.0029102242065251285,5,0.9023234834909905,0.913731562380569
roberta-base,RoBERTa-base,sst2,2000,8,0.9105504587155965,0.004658278901740841,0.0020832456564891188,5,0.9064672972288778,0.9146336202023152
roberta-base,RoBERTa-base,sst2,2000,16,0.9160550458715597,0.003382541560493712,0.0015127185731964347,5,0.9130901174680948,0.9190199742750247
roberta-base,RoBERTa-base,sst2,2000,32,0.9100917431192661,0.0071433080286227215,0.0031945844672440853,5,0.9038303575634677,0.9163531286750645
roberta-base,RoBERTa-base,sst2,2000,64,0.9110091743119266,0.007458537863077541,0.003335559534919476,5,0.9044714776234845,0.9175468710003688
roberta-base,RoBERTa-base,sst2,5000,2,0.9176605504587156,0.004959116584963294,0.002217784358464913,5,0.9133136931161244,0.9220074078013069
roberta-base,RoBERTa-base,sst2,5000,4,0.9204128440366972,0.0029904598189002354,0.0013373742878085338,5,0.9177915904325925,0.9230340976408019
roberta-base,RoBERTa-base,sst2,5000,8,0.9217889908256881,0.008786229958430225,0.003929321490599024,5,0.914087520704114,0.9294904609472622
roberta-base,RoBERTa-base,sst2,5000,16,0.9220183486238532,0.004290891498593974,0.0019189450149864104,5,0.9182572163944799,0.9257794808532266
roberta-base,RoBERTa-base,sst2,5000,32,0.9169724770642201,0.0039393495498434425,0.0017617306761166188,5,0.9135194849390316,0.9204254691894087
roberta-base,RoBERTa-base,sst2,5000,64,0.9188073394495413,0.00718003479013701,0.003211009174311958,5,0.9125137614678899,0.9251009174311927
roberta-base,RoBERTa-base,mrpc,50,2,0.6838235294117647,0.0,0.0,5,0.6838235294117647,0.6838235294117647
roberta-base,RoBERTa-base,mrpc,50,4,0.6838235294117647,0.0,0.0,5,0.6838235294117647,0.6838235294117647
roberta-base,RoBERTa-base,mrpc,50,8,0.6838235294117647,0.0,0.0,5,0.6838235294117647,0.6838235294117647
roberta-base,RoBERTa-base,mrpc,50,16,0.6838235294117647,0.0,0.0,5,0.6838235294117647,0.6838235294117647
roberta-base,RoBERTa-base,mrpc,50,32,0.6642156862745099,0.030167974571301864,0.013491528376983215,5,0.6377722906556228,0.690659081893397
roberta-base,RoBERTa-base,mrpc,50,64,0.6637254901960785,0.05243608914506219,0.023450131960519593,5,0.6177632315534601,0.7096877488386969
roberta-base,RoBERTa-base,mrpc,100,2,0.6848039215686275,0.002192223507352727,0.0009803921568627416,5,0.6828823529411765,0.6867254901960784
roberta-base,RoBERTa-base,mrpc,100,4,0.6857843137254902,0.004384447014705454,0.0019607843137254832,5,0.6819411764705883,0.6896274509803921
roberta-base,RoBERTa-base,mrpc,100,8,0.6857843137254902,0.011151287417722857,0.0049870073405332855,5,0.676009779338045,0.6955588481129354
roberta-base,RoBERTa-base,mrpc,100,16,0.6901960784313725,0.021757197079580515,0.00973011433396039,5,0.6711250543368101,0.709267102525935
roberta-base,RoBERTa-base,mrpc,100,32,0.705392156862745,0.03493829349255973,0.015624879853440417,5,0.6747673923500018,0.7360169213754882
roberta-base,RoBERTa-base,mrpc,100,64,0.7088235294117646,0.021041349050328187,0.009409977362966887,5,0.6903799737803495,0.7272670850431797
roberta-base,RoBERTa-base,mrpc,200,2,0.6990196078431372,0.004714554917076304,0.002108413055647713,5,0.6948871182540677,0.7031520974322067
roberta-base,RoBERTa-base,mrpc,200,4,0.7127450980392156,0.0076335350501948425,0.003413820656172585,5,0.7060540095531174,0.7194361865253138
roberta-base,RoBERTa-base,mrpc,200,8,0.7151960784313726,0.01837418119018755,0.008217183634431467,5,0.6990903985078869,0.7313017583548582
roberta-base,RoBERTa-base,mrpc,200,16,0.7269607843137255,0.017209303609354874,0.007696234543189989,5,0.7118761646090731,0.7420454040183778
roberta-base,RoBERTa-base,mrpc,200,32,0.7303921568627451,0.022262134956599216,0.009955929417446033,5,0.7108785352045508,0.7499057785209393
roberta-base,RoBERTa-base,mrpc,200,64,0.7367647058823529,0.036461165238508036,0.016305928802431258,5,0.7048050854295876,0.7687243263351181
roberta-base,RoBERTa-base,mrpc,500,2,0.7122549019607843,0.010767589527690602,0.004815412427546205,5,0.7028166936027938,0.7216931103187749
roberta-base,RoBERTa-base,mrpc,500,4,0.7362745098039216,0.0263180974422473,0.011769810983865656,5,0.713205680275545,0.7593433393322983
roberta-base,RoBERTa-base,mrpc,500,8,0.7475490196078431,0.012376844287208427,0.00553509303462559,5,0.736700237259977,0.7583978019557093
roberta-base,RoBERTa-base,mrpc,500,16,0.7730392156862745,0.007672782275734607,0.003431372549019609,5,0.766313725490196,0.779764705882353
roberta-base,RoBERTa-base,mrpc,500,32,0.7848039215686274,0.026871509948364188,0.012017304580520843,5,0.7612500045908066,0.8083578385464483
roberta-base,RoBERTa-base,mrpc,500,64,0.7862745098039217,0.03028721604231728,0.013544854783968717,5,0.759726594427343,0.8128224251805003
roberta-base,RoBERTa-base,mrpc,1000,2,0.721078431372549,0.010878598539790268,0.0048650571669801995,5,0.7115429193252678,0.7306139434198302
roberta-base,RoBERTa-base,mrpc,1000,4,0.7441176470588236,0.024362301254488565,0.010895152338672975,5,0.7227631484750245,0.7654721456426226
roberta-base,RoBERTa-base,mrpc,1000,8,0.7578431372549019,0.015247383348035106,0.006818837129040955,5,0.7444782164819816,0.7712080580278222
roberta-base,RoBERTa-base,mrpc,1000,16,0.7862745098039216,0.03206946516430612,0.014341900821889993,5,0.7581643841930171,0.814384635414826
roberta-base,RoBERTa-base,mrpc,1000,32,0.8225490196078432,0.03322864182369084,0.01486030038355305,5,0.7934228308560792,0.8516752083596072
roberta-base,RoBERTa-base,mrpc,1000,64,0.8147058823529412,0.02303139208006571,0.010299951661495443,5,0.7945179770964101,0.8348937876094722
roberta-base,RoBERTa-base,mrpc,2000,2,0.7980392156862746,0.010906174245728907,0.004877389397581476,5,0.7884795324670149,0.8075988989055343
roberta-base,RoBERTa-base,mrpc,2000,4,0.8245098039215687,0.020695913561357394,0.009255493915930973,5,0.806369035846344,0.8426505719967934
roberta-base,RoBERTa-base,mrpc,2000,8,0.8382352941176471,0.007554428925207053,0.0033784433215907285,5,0.8316135452073292,0.8448570430279649
roberta-base,RoBERTa-base,mrpc,2000,16,0.8323529411764706,0.02803133030489378,0.012535992012298462,5,0.8077823968323656,0.8569234855205756
roberta-base,RoBERTa-base,mrpc,2000,32,0.8524509803921569,0.014644479653225176,0.006549210399944801,5,0.8396145280082651,0.8652874327760488
roberta-base,RoBERTa-base,mrpc,2000,64,0.8524509803921569,0.009865005783087329,0.00441176470588236,5,0.8438039215686275,0.8610980392156864
roberta-base,RoBERTa-base,mrpc,5000,2,0.8426470588235293,0.01762321373749766,0.007881340779810555,5,0.8271996308951006,0.858094486751958
roberta-base,RoBERTa-base,mrpc,5000,4,0.8563725490196079,0.010627197739548452,0.004752627311192487,5,0.8470573994896706,0.8656876985495452
roberta-base,RoBERTa-base,mrpc,5000,8,0.8583333333333334,0.007018539736900189,0.003138786390898464,5,0.8521813120071724,0.8644853546594944
roberta-base,RoBERTa-base,mrpc,5000,16,0.8612745098039216,0.011043019927518466,0.004938588646963214,5,0.8515948760558737,0.8709541435519695
roberta-base,RoBERTa-base,mrpc,5000,32,0.8676470588235293,0.009803921568627454,0.004384447014705479,5,0.8590535426747066,0.8762405749723521
roberta-base,RoBERTa-base,mrpc,5000,64,0.8558823529411764,0.02758850355932395,0.012337953871228644,5,0.8316999633535683,0.8800647425287845
roberta-base,RoBERTa-base,qnli,50,2,0.5020684605528098,0.010364067625406197,0.004634951946762616,5,0.4929839547371551,0.5111529663684645
roberta-base,RoBERTa-base,qnli,50,4,0.4982976386600768,0.008166146379144867,0.0036520116835963372,5,0.491139695760228,0.5054555815599256
roberta-base,RoBERTa-base,qnli,50,8,0.5051436939410581,0.010258619944349024,0.004587794310179908,5,0.49615161709310546,0.5141357707890107
roberta-base,RoBERTa-base,qnli,50,16,0.5021416803953871,0.009547050451921698,0.004269570759023402,5,0.4937733217077012,0.5105100390830729
roberta-base,RoBERTa-base,qnli,50,32,0.5244371224601867,0.02876530068640994,0.012864233545606774,5,0.49922322471079744,0.549651020209576
roberta-base,RoBERTa-base,qnli,50,64,0.551089145158338,0.053058594857011074,0.02372852497817948,5,0.5045812362011062,0.5975970541155697
roberta-base,RoBERTa-base,qnli,100,2,0.5118433095368845,0.010795582356370957,0.004827931201108569,5,0.5023805643827117,0.5213060546910573
roberta-base,RoBERTa-base,qnli,100,4,0.5249130514369394,0.019453531795857324,0.008699883899598122,5,0.5078612789937271,0.5419648238801518
roberta-base,RoBERTa-base,qnli,100,8,0.5447556287753981,0.033109975167247174,0.014807231041458929,5,0.5157334559341386,0.5737778016166576
roberta-base,RoBERTa-base,qnli,100,16,0.5490389895661725,0.03293535018256037,0.014729136374193026,5,0.5201698822727542,0.5779080968595908
roberta-base,RoBERTa-base,qnli,100,32,0.574775764232107,0.04788330693175334,0.021414065857377474,5,0.5328041951516471,0.6167473333125668
roberta-base,RoBERTa-base,qnli,100,64,0.6114955152846422,0.056091578809842654,0.02508491663681898,5,0.562329078676477,0.6606619518928074
roberta-base,RoBERTa-base,qnli,200,2,0.5489291598023065,0.037528830134447314,0.016783403059333336,5,0.5160336898060132,0.5818246297985998
roberta-base,RoBERTa-base,qnli,200,4,0.5868936481786564,0.040895592667210746,0.018289065036805035,5,0.5510470807065185,0.6227402156507943
roberta-base,RoBERTa-base,qnli,200,8,0.6798828482518763,0.062426813326474866,0.02791811964333753,5,0.6251633337509347,0.7346023627528179
roberta-base,RoBERTa-base,qnli,200,16,0.6710232473000184,0.07623113991806997,0.03409160217182043,5,0.6042037070432503,0.7378427875567865
roberta-base,RoBERTa-base,qnli,200,32,0.7143693941058027,0.0597315015767179,0.026712739584735412,5,0.6620124245197213,0.7667263636918841
roberta-base,RoBERTa-base,qnli,200,64,0.6832143510891452,0.030845515321628908,0.013794533812034706,5,0.6561770648175571,0.7102516373607333
roberta-base,RoBERTa-base,qnli,500,2,0.5931173347977301,0.08009904415184232,0.03582138153125528,5,0.5229074269964697,0.6633272425989905
roberta-base,RoBERTa-base,qnli,500,4,0.638952956251144,0.09932887976716194,0.044421225457655505,5,0.5518873543541393,0.7260185581481488
roberta-base,RoBERTa-base,qnli,500,8,0.7197510525352371,0.10177969642318754,0.045517263986307906,5,0.6305372151220736,0.8089648899484005
roberta-base,RoBERTa-base,qnli,500,16,0.8026359143327841,0.01225434746882584,0.00548031079203942,5,0.7918945051803868,0.8133773234851814
roberta-base,RoBERTa-base,qnli,500,32,0.7707120629690646,0.04127608301575198,0.018459225493629192,5,0.7345319810015514,0.8068921449365778
roberta-base,RoBERTa-base,qnli,500,64,0.6980413692110561,0.13999840452362697,0.06260918985126877,5,0.5753273571025693,0.8207553813195428
roberta-base,RoBERTa-base,qnli,1000,2,0.6286289584477394,0.07774927256199227,0.03477053172995477,5,0.560478716257028,0.6967792006384507
roberta-base,RoBERTa-base,qnli,1000,4,0.7774116785648911,0.03536317528894009,0.01581489276926216,5,0.7464144887371373,0.8084088683926449
roberta-base,RoBERTa-base,qnli,1000,8,0.7840014643968516,0.02231141185700315,0.009977966717250781,5,0.7644446496310401,0.8035582791626631
roberta-base,RoBERTa-base,qnli,1000,16,0.7878455061321619,0.012210931781188261,0.00546089470626991,5,0.7771421525078729,0.7985488597564508
roberta-base,RoBERTa-base,qnli,1000,32,0.8015742266154128,0.04535531916789461,0.02028351536012232,5,0.761818536509573,0.8413299167212526
roberta-base,RoBERTa-base,qnli,1000,64,0.664872780523522,0.1574808328979986,0.07042756950264202,5,0.5268347442983436,0.8029108167487002
roberta-base,RoBERTa-base,qnli,2000,2,0.8097382390627861,0.019993760328836558,0.00894148144422342,5,0.7922129354321081,0.827263542693464
roberta-base,RoBERTa-base,qnli,2000,4,0.8256269449020686,0.013793610754656302,0.006168690260516744,5,0.8135363119914557,0.8377175778126814
roberta-base,RoBERTa-base,qnli,2000,8,0.8385502471169687,0.005394531220315339,0.002412507703073998,5,0.8338217320189436,0.8432787622149938
roberta-base,RoBERTa-base,qnli,2000,16,0.8444078345231558,0.006606290475057144,0.002954422916267432,5,0.8386171656072716,0.85019850343904
roberta-base,RoBERTa-base,qnli,2000,32,0.8392092257001649,0.018686576733917586,0.00835689116876115,5,0.8228297190093931,0.8555887323909367
roberta-base,RoBERTa-base,qnli,2000,64,0.8497162731100127,0.009681749618603583,0.004329810057666056,5,0.8412298453969873,0.8582027008230382
roberta-base,RoBERTa-base,qnli,5000,2,0.8557203002013546,0.004733522666559019,0.0021168956910924065,5,0.8515711846468135,0.8598694157558957
roberta-base,RoBERTa-base,qnli,5000,4,0.860662639575325,0.0038164855252925253,0.0017067842139395991,5,0.8573173425160033,0.8640079366346466
roberta-base,RoBERTa-base,qnli,5000,8,0.8698517298187809,0.0038396809378369212,0.0017171575177827019,5,0.8664861010839268,0.873217358553635
roberta-base,RoBERTa-base,qnli,5000,16,0.8563792787845506,0.013857230007038663,0.0061971416551176595,5,0.84423288114052,0.8685256764285811
roberta-base,RoBERTa-base,qnli,5000,32,0.8741717005308438,0.003185273547011734,0.0014244976356100182,5,0.8713796851650482,0.8769637158966395
roberta-base,RoBERTa-base,qnli,5000,64,0.782280798096284,0.16125904659312473,0.07211723803380655,5,0.6409310115500232,0.9236305846425449
roberta-base,RoBERTa-base,rte,50,2,0.5032490974729242,0.02780017806235155,0.012432617586803295,5,0.47888116700278976,0.5276170279430586
roberta-base,RoBERTa-base,rte,50,4,0.48736462093862815,0.03259110123694551,0.01457518356547753,5,0.4587972611502922,0.5159319807269641
roberta-base,RoBERTa-base,rte,50,8,0.49169675090252707,0.024136483249742647,0.01079416345684192,5,0.47054019052711693,0.5128533112779372
roberta-base,RoBERTa-base,rte,50,16,0.4830324909747293,0.019340209727045306,0.008649204729755187,5,0.4660800497044091,0.4999849322450495
roberta-base,RoBERTa-base,rte,50,32,0.4866425992779783,0.03400024455731731,0.015205371616355743,5,0.45684007090992107,0.5164451276460356
roberta-base,RoBERTa-base,rte,50,64,0.4888086642599278,0.038426885460607005,0.017185025610703116,5,0.4551260140629497,0.5224913144569059
roberta-base,RoBERTa-base,rte,100,2,0.4974729241877256,0.024404972969177742,0.010914235709625261,5,0.4760810221968601,0.5188648261785911
roberta-base,RoBERTa-base,rte,100,4,0.5061371841155234,0.03222919006594317,0.014413331969441974,5,0.47788705345541715,0.5343873147756297
roberta-base,RoBERTa-base,rte,100,8,0.48953068592057764,0.041680728945477544,0.01864018865476618,5,0.45299591615723594,0.5260654556839194
roberta-base,RoBERTa-base,rte,100,16,0.5097472924187725,0.035683505539787976,0.01595814881249124,5,0.4784693207462897,0.5410252640912553
roberta-base,RoBERTa-base,rte,100,32,0.4996389891696751,0.0185139081660045,0.008279671437674893,5,0.4834108331518323,0.5158671451875179
roberta-base,RoBERTa-base,rte,100,64,0.49891696750902526,0.03046212723426572,0.013623077447013163,5,0.47221573571287945,0.5256181993051711
roberta-base,RoBERTa-base,rte,200,2,0.5018050541516246,0.04823245204291471,0.02157020829789119,5,0.45952744588775785,0.5440826624154913
roberta-base,RoBERTa-base,rte,200,4,0.4931407942238266,0.0214490263935205,0.009592296213419796,5,0.4743398936455238,0.5119416948021294
roberta-base,RoBERTa-base,rte,200,8,0.503971119133574,0.0386804194540906,0.01729840945951037,5,0.4700662365929336,0.5378760016742142
roberta-base,RoBERTa-base,rte,200,16,0.540072202166065,0.03265102976056323,0.014601984415997612,5,0.5114523127107097,0.5686920916214203
roberta-base,RoBERTa-base,rte,200,32,0.5285198555956678,0.032249402792963594,0.01442237137576764,5,0.5002520076991632,0.5567877034921724
roberta-base,RoBERTa-base,rte,200,64,0.5176895306859206,0.02334040415197783,0.010438146061228145,5,0.49723076440591346,0.5381482969659278
roberta-base,RoBERTa-base,rte,500,2,0.5068592057761733,0.031013330822981265,0.013869583185775124,5,0.47967482273205403,0.5340435888202926
roberta-base,RoBERTa-base,rte,500,4,0.5415162454873645,0.0315755517771406,0.014121016040150135,5,0.5138390540486703,0.5691934369260588
roberta-base,RoBERTa-base,rte,500,8,0.5465703971119134,0.036780608308880976,0.016448788086490283,5,0.5143307724623924,0.5788100217614343
roberta-base,RoBERTa-base,rte,500,16,0.5537906137184117,0.018689067300425674,0.008358004983964057,5,0.5374089239498421,0.5701723034869812
roberta-base,RoBERTa-base,rte,500,32,0.5277978339350181,0.05011423304731846,0.022411766346814098,5,0.4838707718952625,0.5717248959747737
roberta-base,RoBERTa-base,rte,500,64,0.5054151624548737,0.03318551680658891,0.0148410142895989,5,0.4763267744472599,0.5345035504624875
roberta-base,RoBERTa-base,rte,1000,2,0.5054151624548736,0.027015576799811845,0.012081733235149114,5,0.48173496531398136,0.5290953595957659
roberta-base,RoBERTa-base,rte,1000,4,0.543682310469314,0.031013330822981282,0.013869583185775124,5,0.5164979274251948,0.5708666935134332
roberta-base,RoBERTa-base,rte,1000,8,0.5675090252707581,0.06165785974292784,0.027574233146466877,5,0.513463528303683,0.6215545222378331
roberta-base,RoBERTa-base,rte,1000,16,0.5660649819494585,0.02032590362492308,0.009090020441887484,5,0.548248541883359,0.583881422015558
roberta-base,RoBERTa-base,rte,1000,32,0.6028880866425993,0.035738248868634186,0.0159826307734142,5,0.5715621303267074,0.6342140429584912
roberta-base,RoBERTa-base,rte,1000,64,0.5465703971119134,0.035792908470600536,0.016007075290538166,5,0.5151965295424585,0.5779442646813682
roberta-base,RoBERTa-base,rte,2000,2,0.651985559566787,0.02508960339912496,0.011220411745790651,5,0.6299935525450374,0.6739775665885367
roberta-base,RoBERTa-base,rte,2000,4,0.6512635379061372,0.019204961845877763,0.008588720038534513,5,0.6344296466306096,0.6680974291816648
roberta-base,RoBERTa-base,rte,2000,8,0.6635379061371841,0.060645521594321135,0.027121501763166703,5,0.6103797626813774,0.7166960495929908
roberta-base,RoBERTa-base,rte,2000,16,0.6888086642599278,0.01812259985272371,0.008104673039943564,5,0.6729235051016385,0.7046938234182172
roberta-base,RoBERTa-base,rte,2000,32,0.6129963898916968,0.11007574827961215,0.04922737116547369,5,0.5165107424073684,0.7094820373760252
roberta-base,RoBERTa-base,rte,2000,64,0.563898916967509,0.09349413848669252,0.041811849830804756,5,0.48194769129913173,0.6458501426358864
roberta-base,RoBERTa-base,rte,5000,2,0.6779783393501806,0.01681706093697058,0.007520818287364508,5,0.6632375355069462,0.692719143193415
roberta-base,RoBERTa-base,rte,5000,4,0.6779783393501806,0.02216618257474188,0.009913018207758834,5,0.6585488236629733,0.6974078550373879
roberta-base,RoBERTa-base,rte,5000,8,0.6974729241877256,0.014304413542353034,0.006397128211793999,5,0.6849345528926093,0.7100112954828418
roberta-base,RoBERTa-base,rte,5000,16,0.6620938628158844,0.07562293702686589,0.03381960557005159,5,0.5958074358985833,0.7283802897331856
roberta-base,RoBERTa-base,rte,5000,32,0.6938628158844765,0.012865364390762043,0.005753565866609823,5,0.6825858267859213,0.7051398049830317
roberta-base,RoBERTa-base,rte,5000,64,0.5732851985559566,0.1153089162935984,0.05156771504886381,5,0.47221247706018354,0.6743579200517297
